[
  {
    "numero_contrato": "0007100712",
    "id_eq3_contratante": "bbf6ad71-27ef-469f-b239-918f03a7ca18",
    "cnpj_contratante": "28152508000171",
    "nome_contratante": "EDP ESPIRITO SANTO DISTRIBUICAO DE ENERGIA S.A.",
    "nome_afiançado": "EDP ESPIRITO SANTO DISTRIBUICAO DE ENERGIA S.A.",
    "id_eq3_credor": "bbf6ad71-27ef-469f-b239-918f03a7ca18",
    "nome_beneficiario": "4A VARA DO TRABALHO DE VITORIA",
    "valor_contrato_abertura": "108034.97",
    "valor_saldo_atualizado_contrato": "309880.10",
    "data_abertura_contrato": "2006-08-18T00:00:00",
    "data_inicio_operacao": "2018-03-08T00:00:00",
    "data_limite_operacao": "2025-12-08T00:00:00",
    "nome_indexador": "SELIC",
    "percentual_taxa_carta": "0.000000",
    "indicador_renovacao_automatica": "N",
    "tipo_pagamento_comissao": "ANTECIPADA",
    "forma_pagamento": "Debito automatico",
    "numero_comissao": 39,
    "tipo_comissao": "NO",
    "taxa_comissao": "0.800000",
    "situacao_comissao": "PENDENTE",
    "valor_esperado_abertura_comissao": "696.00",
    "valor_abertura_comissao": "0.00",
    "valor_saldo_atualizado_comissao": "0.00",
    "valor_vencimento_comissao": "0.00",
    "valor_pago": "0.00",
    "valor_pago_juros": "0.00",
    "periodicidade_comissao": 6,
    "data_inicio_vigencia_comissao": "2025-06-11T00:00:00",
    "data_fim_vigencia_comissao": "2025-12-08T00:00:00",
    "data_vencimento_comissao": "2025-06-11T00:00:00",
    "indicador_comissao_atraso": "N",
    "valor_mora_comissao": "0.00",
    "valor_multa_comissao": "0.00",
    "valor_juros_comissao": "0.00",
    "agencia": 912,
    "conta": "111554",
    "digito": "0"
  },
  {
    "numero_contrato": "0007100712",
    "id_eq3_contratante": "bbf6ad71-27ef-469f-b239-918f03a7ca18",
    "cnpj_contratante": "28152508000171",
    "nome_contratante": "EDP ESPIRITO SANTO DISTRIBUICAO DE ENERGIA S.A.",
    "nome_afiançado": "EDP ESPIRITO SANTO DISTRIBUICAO DE ENERGIA S.A.",
    "id_eq3_credor": "bbf6ad71-27ef-469f-b239-918f03a7ca18",
    "nome_beneficiario": "4A VARA DO TRABALHO DE VITORIA",
    "valor_contrato_abertura": "108034.97",
    "valor_saldo_atualizado_contrato": "309880.10",
    "data_abertura_contrato": "2006-08-18T00:00:00",
    "data_inicio_operacao": "2018-03-08T00:00:00",
    "data_limite_operacao": "2025-12-08T00:00:00",
    "nome_indexador": "SELIC",
    "percentual_taxa_carta": "0.000000",
    "indicador_renovacao_automatica": "N",
    "tipo_pagamento_comissao": "ANTECIPADA",
    "forma_pagamento": "Debito automatico",
    "numero_comissao": 40,
    "tipo_comissao": "AD",
    "taxa_comissao": "1.000000",
    "situacao_comissao": "PAGA",
    "valor_esperado_abertura_comissao": "700.00",
    "valor_abertura_comissao": "700.00",
    "valor_saldo_atualizado_comissao": "0.00",
    "valor_vencimento_comissao": "0.00",
    "valor_pago": "700.00",
    "valor_pago_juros": "0.00",
    "periodicidade_comissao": 6,
    "data_inicio_vigencia_comissao": "2025-06-11T00:00:00",
    "data_fim_vigencia_comissao": "2025-12-08T00:00:00",
    "data_vencimento_comissao": "2025-06-11T00:00:00",
    "indicador_comissao_atraso": "N",
    "valor_mora_comissao": "0.00",
    "valor_multa_comissao": "0.00",
    "valor_juros_comissao": "0.00",
    "agencia": 912,
    "conta": "111554",
    "digito": "0"
  },
  {
    "numero_contrato": "0007100712",
    "id_eq3_contratante": "bbf6ad71-27ef-469f-b239-918f03a7ca18",
    "cnpj_contratante": "28152508000171",
    "nome_contratante": "EDP ESPIRITO SANTO DISTRIBUICAO DE ENERGIA S.A.",
    "nome_afiançado": "EDP ESPIRITO SANTO DISTRIBUICAO DE ENERGIA S.A.",
    "id_eq3_credor": "bbf6ad71-27ef-469f-b239-918f03a7ca18",
    "nome_beneficiario": "4A VARA DO TRABALHO DE VITORIA",
    "valor_contrato_abertura": "108034.97",
    "valor_saldo_atualizado_contrato": "309880.10",
    "data_abertura_contrato": "2006-08-18T00:00:00",
    "data_inicio_operacao": "2018-03-08T00:00:00",
    "data_limite_operacao": "2025-12-08T00:00:00",
    "nome_indexador": "SELIC",
    "percentual_taxa_carta": "0.000000",
    "indicador_renovacao_automatica": "N",
    "tipo_pagamento_comissao": "ANTECIPADA",
    "forma_pagamento": "Debito automatico",
    "numero_comissao": 41,
    "tipo_comissao": "NO",
    "taxa_comissao": "0.600000",
    "situacao_comissao": "ATRASADA",
    "valor_esperado_abertura_comissao": "680.00",
    "valor_abertura_comissao": "0.00",
    "valor_saldo_atualizado_comissao": "680.00",
    "valor_vencimento_comissao": "680.00",
    "valor_pago": "0.00",
    "valor_pago_juros": "12.50",
    "periodicidade_comissao": 6,
    "data_inicio_vigencia_comissao": "2025-06-11T00:00:00",
    "data_fim_vigencia_comissao": "2025-12-08T00:00:00",
    "data_vencimento_comissao": "2025-06-11T00:00:00",
    "indicador_comissao_atraso": "S",
    "valor_mora_comissao": "0.00",
    "valor_multa_comissao": "0.00",
    "valor_juros_comissao": "12.50",
    "agencia": 912,
    "conta": "111554",
    "digito": "0"
  },
  {
    "numero_contrato": "0007100712",
    "id_eq3_contratante": "bbf6ad71-27ef-469f-b239-918f03a7ca18",
    "cnpj_contratante": "28152508000171",
    "nome_contratante": "EDP ESPIRITO SANTO DISTRIBUICAO DE ENERGIA S.A.",
    "nome_afiançado": "EDP ESPIRITO SANTO DISTRIBUICAO DE ENERGIA S.A.",
    "id_eq3_credor": "bbf6ad71-27ef-469f-b239-918f03a7ca18",
    "nome_beneficiario": "4A VARA DO TRABALHO DE VITORIA",
    "valor_contrato_abertura": "108034.97",
    "valor_saldo_atualizado_contrato": "309880.10",
    "data_abertura_contrato": "2006-08-18T00:00:00",
    "data_inicio_operacao": "2018-03-08T00:00:00",
    "data_limite_operacao": "2025-12-08T00:00:00",
    "nome_indexador": "SELIC",
    "percentual_taxa_carta": "0.000000",
    "indicador_renovacao_automatica": "N",
    "tipo_pagamento_comissao": "ANTECIPADA",
    "forma_pagamento": "Debito automatico",
    "numero_comissao": 42,
    "tipo_comissao": "AD",
    "taxa_comissao": "1.300000",
    "situacao_comissao": "PENDENTE",
    "valor_esperado_abertura_comissao": "750.00",
    "valor_abertura_comissao": "0.00",
    "valor_saldo_atualizado_comissao": "750.00",
    "valor_vencimento_comissao": "750.00",
    "valor_pago": "0.00",
    "valor_pago_juros": "0.00",
    "periodicidade_comissao": 6,
    "data_inicio_vigencia_comissao": "2025-06-11T00:00:00",
    "data_fim_vigencia_comissao": "2025-12-08T00:00:00",
    "data_vencimento_comissao": "2025-06-11T00:00:00",
    "indicador_comissao_atraso": "N",
    "valor_mora_comissao": "0.00",
    "valor_multa_comissao": "0.00",
    "valor_juros_comissao": "0.00",
    "agencia": 912,
    "conta": "111554",
    "digito": "0"
  },
  {
    "numero_contrato": "0007100712",
    "id_eq3_contratante": "bbf6ad71-27ef-469f-b239-918f03a7ca18",
    "cnpj_contratante": "28152508000171",
    "nome_contratante": "EDP ESPIRITO SANTO DISTRIBUICAO DE ENERGIA S.A.",
    "nome_afiançado": "EDP ESPIRITO SANTO DISTRIBUICAO DE ENERGIA S.A.",
    "id_eq3_credor": "bbf6ad71-27ef-469f-b239-918f03a7ca18",
    "nome_beneficiario": "4A VARA DO TRABALHO DE VITORIA",
    "valor_contrato_abertura": "108034.97",
    "valor_saldo_atualizado_contrato": "309880.10",
    "data_abertura_contrato": "2006-08-18T00:00:00",
    "data_inicio_operacao": "2018-03-08T00:00:00",
    "data_limite_operacao": "2025-12-08T00:00:00",
    "nome_indexador": "SELIC",
    "percentual_taxa_carta": "0.000000",
    "indicador_renovacao_automatica": "N",
    "tipo_pagamento_comissao": "ANTECIPADA",
    "forma_pagamento": "Debito automatico",
    "numero_comissao": 43,
    "tipo_comissao": "NO",
    "taxa_comissao": "1.000000",
    "situacao_comissao": "PENDENTE",
    "valor_esperado_abertura_comissao": "830.00",
    "valor_abertura_comissao": "0.00",
    "valor_saldo_atualizado_comissao": "830.00",
    "valor_vencimento_comissao": "830.00",
    "valor_pago": "0.00",
    "valor_pago_juros": "0.00",
    "periodicidade_comissao": 6,
    "data_inicio_vigencia_comissao": "2025-06-11T00:00:00",
    "data_fim_vigencia_comissao": "2025-12-08T00:00:00",
    "data_vencimento_comissao": "2025-06-11T00:00:00",
    "indicador_comissao_atraso": "N",
    "valor_mora_comissao": "0.00",
    "valor_multa_comissao": "0.00",
    "valor_juros_comissao": "0.00",
    "agencia": 912,
    "conta": "111554",
    "digito": "0"
  }
]
